sampleId,1179,3845,4583,7031,27290,83998
TCGA-3L-AA1B-01,-2.2771,-2.0173,-0.7335,-0.118,1.7038,2.1317
TCGA-4N-A93T-01,-6.8353,-2.6648,-2.7234,-1.7427,-1.2727,-1.2138
TCGA-4T-AA8H-01,-2.4849,-0.7788,-0.5124,0.7949,0.3633,1.317
TCGA-5M-AAT4-01,-7.8257,-4.8226,-3.06,0.4813,-1.7154,-1.1207
TCGA-5M-AAT5-01,-7.9681,-2.1503,-1.615,0.3188,-0.1082,-0.4141
TCGA-5M-AAT6-01,-11.0131,-0.3916,0.2417,-5.8086,-3.0273,1.6539
TCGA-5M-AATA-01,-5.1223,-4.9421,-5.5433,-1.1777,-1.5885,-0.6443
TCGA-5M-AATE-01,-3.9193,-5.9516,-3.2952,-2.2666,-0.1457,-0.6226
TCGA-A6-2671-01,-9.8636,-4.5581,-1.2328,-2.0902,-2.2372,-5.6154
TCGA-A6-2672-01,-12.8738,-1.977,-2.8932,-1.866,-4.2851,-0.3019
TCGA-A6-2674-01,-9.9355,0.9402,0.554,2.2528,0.5532,0.6496
TCGA-A6-2675-01,-0.3064,-2.9533,0.6931,-0.8507,1.1475,1.4571
TCGA-A6-2676-01,-11.9682,-2.128,-0.7206,-2.7734,-3.57,3.2966
TCGA-A6-2677-01,-8.8881,0.2597,-7.6332,-2.534,-2.8145,-2.6827
TCGA-A6-2678-01,-3.8815,2.2315,-3.4191,-0.8322,0.3078,0.7849
TCGA-A6-2679-01,-3.5711,-10.1101,-0.5567,2.3581,1.277,-0.4905
TCGA-A6-2680-01,-2.0935,-2.5223,-0.6588,-0.2145,0.7508,0.4024
TCGA-A6-2681-01,-4.1249,-7.3363,-1.0283,1.9938,-1.9405,1.3097
TCGA-A6-2682-01,-3.3384,-1.0647,-1.4396,0.6029,0.9999,1.4533
TCGA-A6-2683-01,-6.6627,-11.3918,-0.0608,0.4616,-2.2424,-1.7295
TCGA-A6-2684-01,-8.8699,-3.1824,-5.7778,-2.1899,-1.4507,-2.4825
TCGA-A6-2685-01,-0.2211,-0.9016,-0.5093,-0.3986,0.9348,0.8244
TCGA-A6-2686-01,-10.6392,-4.2258,-5.0098,-2.468,-0.7737,2.6831
TCGA-A6-3807-01,-7.1626,-2.454,-3.8196,-1.5407,-0.6055,-0.6669
TCGA-A6-3808-01,-0.4743,1.2199,-0.9955,0.7346,1.5423,1.992
TCGA-A6-3809-01,-4.1181,2.9525,-2.8457,-1.6237,-0.8069,0.0295
TCGA-A6-3810-01,-11.3613,-0.1251,-9.2491,1.1185,-4.1948,-4.0652
TCGA-A6-4105-01,-2.847,-1.7731,-2.023,1.7328,0.0415,0.416
TCGA-A6-4107-01,-2.6197,-2.009,-3.6132,2.4195,-0.117,1.125
TCGA-A6-5656-01,-10.5731,-4.4769,-8.5405,-2.0483,-4.5575,-4.85
TCGA-A6-5657-01,-11.238,-4.5389,-5.1193,-0.6667,-2.6665,0.4235
TCGA-A6-5659-01,-10.6507,-3.5107,-10.1626,-1.3086,-3.3761,-3.8618
TCGA-A6-5660-01,-8.212,-3.6409,-5.735,-0.673,-1.981,-3.1722
TCGA-A6-5661-01,-3.7499,-0.4913,-1.437,1.3112,0.454,3.0379
TCGA-A6-5662-01,-11.9051,-1.7335,-8.3517,-0.7894,-3.8066,-4.8212
TCGA-A6-5664-01,-0.9445,-1.024,-0.7805,0.5963,0.1604,1.0247
TCGA-A6-5665-01,-4.8309,-2.7498,-0.3843,1.9214,-0.0366,3.3419
TCGA-A6-5666-01,-11.1606,-1.1177,-9.1105,-0.9949,-0.8385,-5.3188
TCGA-A6-5667-01,-7.8528,-3.9927,-8.626,-0.8302,-2.9742,-3.736
TCGA-A6-6137-01,-1.7441,-2.2096,-2.011,-1.5516,-0.2278,0.1571
TCGA-A6-6138-01,-9.9437,-3.1021,-7.2267,1.4215,-4.2285,-4.6337
TCGA-A6-6140-01,-3.1859,-3.7953,-0.7705,-0.1326,-0.228,0.3867
TCGA-A6-6141-01,0.2125,-1.8687,0.6948,1.8699,2.265,2.6791
TCGA-A6-6142-01,-12.4005,-3.9703,-3.8962,-0.2345,-3.7189,-4.1359
TCGA-A6-6648-01,-0.3751,-0.6564,0.0433,-1.0179,0.8058,0.8778
TCGA-A6-6649-01,-0.4003,-3.0196,1.2363,2.6857,1.9601,2.8561
TCGA-A6-6650-01,-5.2747,-1.8642,-1.7052,-0.0614,-0.8882,-0.7234
TCGA-A6-6651-01,-9.645,-4.4981,-9.0325,-1.7091,-4.2634,-6.1309
TCGA-A6-6652-01,-12.314,-6.1975,-7.3327,-0.1817,-3.718,-5.8124
TCGA-A6-6653-01,-6.0681,-3.6933,1.3288,1.1923,-0.719,2.4022
TCGA-A6-6654-01,-4.1153,-3.9949,-3.0846,0.1109,-1.1599,-1.5496
TCGA-A6-6780-01,-5.5371,-1.3401,-1.9556,1.2353,-4.5879,-1.4407
TCGA-A6-6781-01,-12.0136,-4.1767,1.4969,3.1475,1.7449,3.7532
TCGA-A6-6782-01,-5.6382,-3.0571,-5.7747,-2.5232,-2.2709,-2.5449
TCGA-A6-A565-01,0.5303,0.2642,2.0347,1.8138,2.9086,2.6155
TCGA-A6-A566-01,-8.8655,-0.2831,-0.4483,0.4373,0.1732,0.0528
TCGA-A6-A567-01,-2.4962,-3.4386,-2.8428,-2.808,0.1053,-0.0909
TCGA-A6-A56B-01,-11.121,-5.503,-8.0765,-1.1052,-3.9456,-4.5985
TCGA-A6-A5ZU-01,-11.3024,-4.5288,-12.0875,-3.736,-3.8794,-6.1309
TCGA-AA-3488-01,-6.424,-6.6776,-3.0916,0.0114,-0.1957,-0.5826
TCGA-AA-3489-01,-5.3346,-2.872,-4.1599,-1.8073,-2.1541,-3.192
TCGA-AA-3492-01,-4.9155,-3.2258,-2.3623,-0.482,-0.6822,2.5233
TCGA-AA-3494-01,-4.5864,-0.7972,-2.8285,-1.3974,-0.6939,-0.186
TCGA-AA-3495-01,-2.4556,-4.2235,-1.2502,-0.2285,0.5683,1.2529
TCGA-AA-3496-01,-5.5609,-3.2712,-3.3176,-2.0944,-1.0078,-1.1532
TCGA-AA-3502-01,-1.0967,-2.7568,1.2795,1.4847,2.8639,4.1735
TCGA-AA-3506-01,-0.547,-5.0493,-1.4464,2.3269,0.9723,1.06
TCGA-AA-3510-01,-1.0366,-4.0102,-1.6589,-0.9953,0.7874,0.1068
TCGA-AA-3511-01,-5.3425,-3.4801,0.6966,1.5463,1.0796,1.714
TCGA-AA-3514-01,-4.4069,-11.8815,-3.6075,-0.3767,-0.9529,-0.0971
TCGA-AA-3517-01,-3.0229,-1.9361,-0.5453,-0.6796,0.2058,-0.0057
TCGA-AA-3518-01,-5.3274,-1.4344,0.4232,2.1897,-0.0203,2.1056
TCGA-AA-3519-01,-6.3241,-2.5331,-0.4548,0.1895,1.2865,1.7958
TCGA-AA-3520-01,-2.649,0.207,-1.7908,0.9143,0.8997,1.126
TCGA-AA-3521-01,-3.271,2.3489,-0.1185,0.6181,0.6729,0.679
TCGA-AA-3522-01,0.6218,2.3994,-0.6044,0.9422,1.3411,2.266
TCGA-AA-3524-01,-4.8884,0.6146,-4.6082,-0.1025,0.3874,-0.4638
TCGA-AA-3525-01,-1.1135,-1.1424,-0.6847,1.607,2.271,4.3038
TCGA-AA-3526-01,-1.3959,-4.3614,-2.6995,0.5876,0.6733,0.0668
TCGA-AA-3527-01,-6.1214,-10.8177,-0.5092,-0.2971,-0.2497,0.0313
TCGA-AA-3529-01,-2.8239,-2.2476,0.4789,0.8514,1.2666,1.8403
TCGA-AA-3530-01,-1.1144,0.6537,-1.7086,-1.1319,0.3968,-0.0242
TCGA-AA-3531-01,-3.3501,-5.9568,0.4671,-0.178,0.0657,0.1036
TCGA-AA-3532-01,-3.2501,-2.1588,-1.361,-0.0976,0.0628,0.3802
TCGA-AA-3534-01,-3.7039,1.3957,-4.0472,-0.9402,-1.3305,-2.1218
TCGA-AA-3538-01,-3.1837,-2.816,-1.721,0.4864,0.6785,0.5469
TCGA-AA-3542-01,-9.8165,-9.5843,-3.0188,-0.0666,0.6069,0.3867
TCGA-AA-3543-01,-5.9509,-2.7775,-1.3702,1.1061,-0.1538,2.6748
TCGA-AA-3544-01,-6.6674,-6.5458,-3.1715,-0.5594,0.6125,0.2586
TCGA-AA-3548-01,-4.5145,-6.2372,-3.666,0.4415,-0.8227,-0.1429
TCGA-AA-3549-01,-4.6215,-1.4124,-2.7317,1.1177,-0.1946,-0.6208
TCGA-AA-3552-01,-2.367,-3.9143,-2.2977,-1.6299,-0.575,-0.6621
TCGA-AA-3553-01,-6.0003,-3.3753,-4.1836,-1.4423,-0.9068,-0.7502
TCGA-AA-3555-01,-8.5189,3.2681,1.0072,3.1971,2.2598,3.3115
TCGA-AA-3560-01,-2.9316,-5.3272,-1.3837,1.4742,2.5595,3.6272
TCGA-AA-3561-01,-5.9309,-0.0127,-2.8889,0.853,-0.3855,-1.2476
TCGA-AA-3655-01,-2.1541,-1.3835,-0.8624,1.0672,-0.3123,1.3316
TCGA-AA-3660-01,-3.4096,-0.9836,-1.2812,-0.3765,0.6616,1.1438
TCGA-AA-3663-01,-2.5835,-4.7866,0.3288,2.4919,2.0244,3.6428
TCGA-AA-3664-01,-4.8959,-0.6381,-3.4794,0.1056,-0.2007,1.5191
TCGA-AA-3666-01,-6.5307,-4.2861,-5.5249,-0.7892,-1.2363,0.9572
TCGA-AA-3667-01,-6.8713,-10.4906,-1.508,-0.0935,-0.2987,-1.0274
TCGA-AA-3673-01,-1.6969,-2.4689,-1.4961,-0.5945,0.389,0.8889
TCGA-AA-3675-01,-5.4844,-4.6695,-5.5909,0.4492,-0.7036,-0.8685
TCGA-AA-3678-01,-5.3433,-1.4035,-1.5878,0.7476,0.2931,0.9647
TCGA-AA-3679-01,-5.8366,-4.6471,-2.8482,0.1444,0.3586,0.7301
TCGA-AA-3680-01,-0.5706,2.0625,-0.6571,0.6239,1.8159,3.0361
TCGA-AA-3681-01,-1.7039,5.8573,-1.2044,-0.8568,0.7173,0.1682
TCGA-AA-3684-01,-1.653,-7.5802,1.8646,0.4628,1.9104,1.3313
TCGA-AA-3685-01,-3.0837,-4.8339,-2.6986,1.5505,0.9666,1.5839
TCGA-AA-3688-01,-2.9861,-0.1208,-2.6117,-1.037,0.1385,-0.0463
TCGA-AA-3692-01,-1.6978,-2.5525,-1.3352,-0.6476,1.6211,0.3861
TCGA-AA-3693-01,-8.9281,-0.9632,-8.5154,-1.8029,-3.4308,-3.7872
TCGA-AA-3695-01,-11.0131,-7.3013,-9.5526,-0.842,-3.3797,-4.6805
TCGA-AA-3696-01,-3.9229,-1.9657,-2.5594,-0.161,-0.053,0.4453
TCGA-AA-3710-01,-3.0646,-0.1491,-0.7024,1.596,1.0341,3.2202
TCGA-AA-3712-01,-1.6004,-2.0979,-0.3658,-0.7781,0.713,0.9971
TCGA-AA-3713-01,-0.478,-1.7244,2.4681,3.7111,0.8734,3.3771
TCGA-AA-3715-01,-10.5389,-3.0667,-1.8149,0.4423,-1.3556,1.2021
TCGA-AA-3811-01,-1.4738,-2.6408,0.2398,-1.648,1.3031,1.1322
TCGA-AA-3812-01,-2.0967,-8.7773,1.861,1.58,2.2098,1.1998
TCGA-AA-3814-01,-1.9344,-1.4641,-2.3742,0.3087,0.7277,-0.0406
TCGA-AA-3818-01,-6.4393,0.6055,-0.8544,2.4851,1.9422,2.2202
TCGA-AA-3819-01,-1.8269,-1.737,0.3849,0.072,1.1016,1.0438
TCGA-AA-3821-01,-1.5697,-1.3131,0.5754,2.2799,0.5734,3.5578
TCGA-AA-3831-01,-2.8496,-0.2641,-3.2509,-1.0563,-1.3951,-1.7254
TCGA-AA-3833-01,-0.8987,-0.9878,-1.6877,2.9787,0.4549,2.7144
TCGA-AA-3837-01,-1.7255,-2.8728,-1.1518,-0.258,1.1086,0.7408
TCGA-AA-3841-01,-6.633,-9.5321,-0.0848,0.461,1.0511,0.2925
TCGA-AA-3842-01,-7.4731,0.237,-2.331,-2.3577,-0.7105,1.3774
TCGA-AA-3844-01,-5.0319,1.2839,-2.6511,-1.36,-0.5669,0.7954
TCGA-AA-3845-01,-1.0254,4.6065,-1.6095,-1.8479,0.5497,0.2584
TCGA-AA-3846-01,-2.2682,0.083,-1.6717,-1.1292,0.0458,0.0185
TCGA-AA-3848-01,-6.1041,-9.0059,-0.1354,0.0902,0.6182,-0.0184
TCGA-AA-3850-01,-1.6676,-2.8489,-1.0795,1.1459,-0.3154,1.1257
TCGA-AA-3851-01,-1.2026,-0.1954,-1.414,0.9192,0.9691,2.1671
TCGA-AA-3852-01,1.4131,-2.3907,0.6289,0.567,2.9227,2.5398
TCGA-AA-3854-01,-3.2358,1.2521,1.2148,3.5703,3.1506,4.2595
TCGA-AA-3855-01,-3.1762,-3.9813,0.1388,1.0794,1.7291,2.0373
TCGA-AA-3856-01,-3.6814,-4.0226,-1.5486,-0.3365,0.9686,0.9637
TCGA-AA-3858-01,-3.6173,-6.8359,-2.7913,-0.7647,-0.1572,-0.3724
TCGA-AA-3864-01,-1.788,2.828,-0.9777,0.8481,1.5002,3.1089
TCGA-AA-3866-01,-5.9778,-0.1876,-7.642,-3.1833,-1.9624,-3.5121
TCGA-AA-3867-01,-1.9915,-4.724,-2.0469,-1.2397,0.1755,0.226
TCGA-AA-3869-01,-7.7666,-0.3072,-6.3002,0.6777,-1.8041,-1.6226
TCGA-AA-3870-01,-3.3842,-1.921,-2.8058,2.5918,-0.5353,3.4792
TCGA-AA-3872-01,-10.5448,-2.0098,-5.9441,0.4492,-0.427,-0.7875
TCGA-AA-3875-01,-1.5723,-1.2521,-1.445,-0.9251,0.7728,0.2069
TCGA-AA-3877-01,-10.6853,-1.1906,1.0793,2.6923,-1.7421,3.3969
TCGA-AA-3930-01,-2.5658,3.0664,-2.4203,-1.7013,-0.0122,1.0475
TCGA-AA-3939-01,-3.1304,3.7162,-3.6605,2.9821,0.9474,1.4107
TCGA-AA-3941-01,-4.2524,3.1362,-3.4907,-1.1897,0.2964,0.9998
TCGA-AA-3947-01,-8.7752,2.5073,-4.4681,-1.8194,0.7748,1.9624
TCGA-AA-3949-01,-2.1219,2.9705,-1.5917,1.0682,1.2448,2.1668
TCGA-AA-3950-01,-5.6584,2.2545,-1.929,1.7541,0.2257,1.0528
TCGA-AA-3952-01,-5.7566,-1.8491,-5.5397,-0.5337,0.0596,-0.7738
TCGA-AA-3955-01,-6.3916,0.0267,-3.1498,0.0088,-0.7745,0.6034
TCGA-AA-3956-01,-0.9768,-0.2735,-0.8407,-0.347,1.0025,0.7821
TCGA-AA-3966-01,-7.9606,0.3711,-0.1259,-0.4491,2.8149,2.8762
TCGA-AA-3968-01,-4.4445,-0.6582,-2.0029,-0.2849,-0.0664,0.0002
TCGA-AA-3971-01,-1.9516,-1.6819,0.5325,1.0427,1.688,1.7381
TCGA-AA-3973-01,-11.0802,-1.3753,-6.9207,1.1728,-2.9735,-3.3996
TCGA-AA-3975-01,-5.3952,-4.544,0.6121,0.3653,0.9179,1.3239
TCGA-AA-3976-01,-5.6109,-1.9502,-3.3959,-0.0049,-0.1413,0.2067
TCGA-AA-3977-01,-1.8936,1.9946,-1.0909,1.4432,0.8428,0.2018
TCGA-AA-3979-01,-5.1236,-0.606,-3.88,0.8267,-0.197,-0.4702
TCGA-AA-3980-01,-5.4606,-0.7581,-3.5226,-1.6969,-0.0473,-0.528
TCGA-AA-3982-01,-5.0415,-0.8566,-0.9535,0.4736,0.954,1.1342
TCGA-AA-3984-01,-7.6701,2.0881,-3.9175,-1.0283,-1.365,-1.3286
TCGA-AA-3986-01,-1.9645,-0.24,-2.2464,1.9479,-0.1255,-0.66
TCGA-AA-3989-01,-5.8209,-3.2227,-1.8757,0.6471,-1.7536,-0.6212
TCGA-AA-3994-01,-2.8538,-3.5836,-0.7063,2.3365,2.974,3.9413
TCGA-AA-A004-01,-7.6185,-14.067,1.2473,1.2225,0.3919,-0.9063
TCGA-AA-A00A-01,-4.842,0.5638,-2.9319,-0.4772,-0.801,-0.0859
TCGA-AA-A00D-01,-13.4149,-3.6446,-11.1365,-3.2464,-4.9042,-5.7923
TCGA-AA-A00E-01,-4.3779,-2.3222,-0.6497,3.5832,-0.3286,2.9213
TCGA-AA-A00F-01,-4.6649,-2.9921,0.289,0.5995,0.7094,0.9764
TCGA-AA-A00J-01,-5.6998,-2.2467,0.2868,3.223,0.4668,2.3664
TCGA-AA-A00K-01,-1.2955,-0.3034,-0.1686,1.3231,1.6126,0.9023
TCGA-AA-A00L-01,-6.4977,-4.0803,-3.9773,-0.8582,-0.9146,-1.7381
TCGA-AA-A00N-01,-0.1049,-0.3187,0.0145,1.9192,1.4942,1.1309
TCGA-AA-A00O-01,-11.7107,-3.8412,-7.6761,-1.8959,-3.4791,-2.8822
TCGA-AA-A00Q-01,-10.7571,-0.1019,-3.5514,0.8567,-2.9573,-2.9298
TCGA-AA-A00R-01,-13.4149,-3.7458,-6.3205,-6.0577,-4.9042,-3.2774
TCGA-AA-A00U-01,-2.213,-3.8276,-0.5811,0.918,0.8411,1.1842
TCGA-AA-A00W-01,-6.577,-1.9011,-2.2617,0.954,-1.776,-2.3045
TCGA-AA-A00Z-01,-4.7795,-3.1276,-1.6282,-0.57,-0.8739,-1.3584
TCGA-AA-A010-01,-5.6274,-3.8179,-2.8207,-1.0241,-1.3692,-0.5731
TCGA-AA-A017-01,-7.2301,-3.3815,-5.0683,-1.3896,-1.5329,-1.4414
TCGA-AA-A01C-01,-5.2541,-4.6657,-3.0562,-1.7191,-0.5616,-0.5595
TCGA-AA-A01D-01,-4.0761,-3.9508,1.3871,1.1988,2.2588,3.4398
TCGA-AA-A01F-01,-10.8551,-2.2827,-6.5957,2.041,-3.1833,-1.7815
TCGA-AA-A01G-01,-3.4152,-0.7307,-1.7054,1.5246,0.0498,0.0802
TCGA-AA-A01I-01,-5.0269,2.1891,-3.2865,0.4793,0.5325,0.8346
TCGA-AA-A01K-01,-9.0582,-0.6064,-5.8987,-1.1999,-2.1105,-1.9444
TCGA-AA-A01P-01,-12.0551,-4.1135,-7.9916,-0.8788,-3.4918,-1.4301
TCGA-AA-A01Q-01,-2.5719,2.6188,-0.1054,-0.6681,-0.1501,-2.0229
TCGA-AA-A01R-01,-10.6246,-6.7317,-1.7209,-0.9721,-1.7383,-0.9964
TCGA-AA-A01S-01,-3.958,-7.1886,-1.6895,-0.7119,-0.2943,-2.7481
TCGA-AA-A01T-01,-6.568,-11.042,-1.0964,0.7742,0.1069,0.7009
TCGA-AA-A01V-01,-3.0484,-4.6786,0.0987,0.1654,1.0028,-0.0627
TCGA-AA-A01X-01,-3.6759,-3.821,-1.2693,-0.7095,0.0673,0.0967
TCGA-AA-A01Z-01,-6.0606,-2.8166,0.0479,-0.2385,-0.5043,-0.0922
TCGA-AA-A022-01,-8.3108,-0.2111,-0.7452,-3.5527,-1.1222,0.8849
TCGA-AA-A024-01,-0.3462,-1.9127,1.4918,2.5039,2.2787,2.9401
TCGA-AA-A029-01,-8.3477,0.9178,1.7664,2.8407,1.1716,1.5049
TCGA-AA-A02E-01,-3.845,-2.9026,-3.9069,-0.5246,-1.3218,-0.9324
TCGA-AA-A02F-01,-9.223,0.1724,-3.3401,-0.4359,0.0408,-2.0132
TCGA-AA-A02H-01,-4.2191,-1.793,-2.954,-1.7296,-0.4131,-0.8664
TCGA-AA-A02J-01,-5.7468,-5.0516,-2.9245,-0.7457,-0.5435,-0.9276
TCGA-AA-A02O-01,-2.0637,-5.7825,0.6615,1.3735,2.9135,2.1416
TCGA-AA-A02R-01,-8.1732,-0.8239,-4.76,-0.9635,-2.5112,1.5289
TCGA-AA-A02W-01,-9.7263,-0.4648,-6.2104,-2.9068,-2.4472,-3.8403
TCGA-AA-A02Y-01,-1.9327,-3.0822,0.2376,2.6554,1.7938,2.2063
TCGA-AA-A03F-01,-1.869,-6.1621,2.405,1.3918,0.7797,1.7361
TCGA-AA-A03J-01,-4.7632,-6.7299,-0.7848,1.4194,0.216,0.1088
TCGA-AD-5900-01,-11.9428,-3.7764,1.7435,0.4801,2.2225,3.4201
TCGA-AD-6548-01,-1.7916,-3.2722,-1.0108,-0.4139,0.3601,0.0948
TCGA-AD-6888-01,-6.6958,-6.4417,-2.8184,0.6476,-1.46,-0.1938
TCGA-AD-6889-01,-9.4591,-4.2407,-1.9546,2.3744,0.452,2.3824
TCGA-AD-6890-01,-3.8955,-4.6469,-2.5784,-0.9463,-0.176,-0.1104
TCGA-AD-6895-01,-11.6537,-1.6637,-1.07,1.8472,0.2549,2.4845
TCGA-AD-6899-01,-4.4977,-5.1324,-2.7004,-0.27,-1.5007,-0.9672
TCGA-AD-6901-01,-12.8602,-5.6649,-3.9188,-0.3167,-3.1825,-2.715
TCGA-AD-6963-01,-5.9735,-2.3605,-3.6574,-1.7293,-1.5001,-2.1021
TCGA-AD-6964-01,-3.7848,-2.1643,-1.5298,-1.2118,-2.4519,-3.8783
TCGA-AD-6965-01,-10.1191,-3.1464,-1.8136,-1.7031,0.2125,1.1466
TCGA-AD-A5EJ-01,-4.6331,-1.009,1.4467,2.3456,1.5168,2.9546
TCGA-AD-A5EK-01,-9.1692,-3.9527,-1.372,-1.4556,-2.6868,-3.1168
TCGA-AF-2687-01,-10.2973,-2.2935,-9.0122,-2.0977,-4.4192,-3.6858
TCGA-AF-2690-01,-9.2675,-4.5145,-5.8117,-2.8419,-2.6029,-3.0591
TCGA-AF-2691-01,-1.3424,-3.3771,-0.6074,-0.456,0.9303,1.9265
TCGA-AF-2692-01,-4.783,-0.1314,0.555,1.9232,0.5556,0.8908
TCGA-AF-2693-01,-3.6001,12.1266,-1.2277,1.1122,0.5116,1.3485
TCGA-AF-3400-01,-1.5893,-0.4494,0.7152,1.0203,3.0223,2.8188
TCGA-AF-3911-01,-3.4073,-3.0997,-2.8121,-1.9624,0.0685,-0.0787
TCGA-AF-4110-01,-1.4545,-1.6493,-0.1726,0.4609,1.6385,2.1144
TCGA-AF-5654-01,-6.3973,-1.1239,-7.5074,2.5271,-3.3736,-3.1578
TCGA-AF-6136-01,-4.9821,-3.2415,-0.4431,1.6713,1.0942,3.083
TCGA-AF-6655-01,-8.472,-3.356,-1.363,-0.8177,-0.1829,0.4176
TCGA-AF-6672-01,0.346,-0.2469,0.5123,2.2299,2.0452,3.4955
TCGA-AF-A56K-01,-3.0731,-5.204,-3.0034,-2.1552,-0.1774,-0.0964
TCGA-AF-A56L-01,-6.4352,-3.6066,-5.2458,-0.8571,-2.1765,-2.6788
TCGA-AF-A56N-01,-12.6382,-2.674,-9.3401,0.6162,-4.9042,-6.1309
TCGA-AG-3574-01,-3.8101,-3.7203,-3.644,0.4478,-0.47,-0.1214
TCGA-AG-3575-01,-7.9051,3.2221,-5.3171,-0.5488,-1.6213,-1.5716
TCGA-AG-3578-01,-1.9008,-1.6056,1.4857,2.8263,2.1157,2.9398
TCGA-AG-3580-01,-4.5874,-4.0915,-2.3787,-0.1982,-0.8486,-0.4578
TCGA-AG-3581-01,-2.9285,-3.6594,0.1639,0.8464,1.4512,2.2631
TCGA-AG-3582-01,-4.9713,-4.0839,-2.9973,-0.3378,-0.7887,-0.3188
TCGA-AG-3583-01,-0.0427,-3.8419,-0.1564,2.0928,1.6174,1.62
TCGA-AG-3584-01,-4.384,-2.9303,0.1014,-0.4117,-0.0036,0.4515
TCGA-AG-3586-01,-6.3204,-1.2858,-0.4152,1.3937,0.315,1.1131
TCGA-AG-3587-01,-9.429,-6.0916,-7.5824,-1.4668,-2.491,-4.1043
TCGA-AG-3591-01,0.683,-3.5176,0.6373,2.5392,1.7607,3.6458
TCGA-AG-3592-01,-7.4796,-4.6722,-2.6723,-0.0101,-0.5095,0.3698
TCGA-AG-3593-01,-4.3128,-4.6033,-3.9854,-1.132,-2.342,-1.2142
TCGA-AG-3594-01,-4.5315,0.9666,2.7752,0.0896,2.5983,3.0387
TCGA-AG-3598-01,-9.4827,-3.985,-3.9379,-1.0372,-0.8578,-0.1186
TCGA-AG-3599-01,-2.6068,-2.1894,-1.4897,-0.3038,0.9586,2.1024
TCGA-AG-3600-01,-6.0474,-1.7611,-2.6961,1.892,-0.1199,2.1513
TCGA-AG-3601-01,-7.422,-2.6385,-6.5691,0.6223,0.1958,-2.1398
TCGA-AG-3602-01,-4.8563,-4.3467,-3.3333,0.0562,1.4472,1.4819
TCGA-AG-3605-01,-5.0976,-6.2183,-2.4283,0.1378,0.6094,0.2983
TCGA-AG-3608-01,-6.1186,-4.2988,-0.5703,-0.093,0.7585,1.2664
TCGA-AG-3609-01,-10.0043,-3.545,-4.7354,1.0789,-2.43,-0.3653
TCGA-AG-3725-01,-4.2455,-2.7613,-2.903,0.0158,-0.6066,0.0134
TCGA-AG-3726-01,-8.6472,-12.8688,-2.7966,1.3687,-1.6934,-3.2673
TCGA-AG-3727-01,-4.3925,-15.6482,0.6928,1.4609,0.3516,-0.374
TCGA-AG-3728-01,-3.7381,-14.9092,0.4224,-0.6658,0.121,0.249
TCGA-AG-3731-01,-1.1946,2.2086,-0.1805,-0.3589,0.7241,1.0149
TCGA-AG-3732-01,-4.1221,-2.7483,1.1755,1.439,1.3873,2.9689
TCGA-AG-3742-01,-12.8938,-2.6556,-8.8199,-1.3058,-4.9042,-3.8089
TCGA-AG-3878-01,-3.3048,-9.9233,1.9344,1.4469,0.9838,0.2279
TCGA-AG-3881-01,-4.442,-7.0447,2.5932,1.3647,3.9069,3.2248
TCGA-AG-3882-01,-6.9811,-11.7965,-4.4528,0.888,-1.9307,-2.5032
TCGA-AG-3883-01,-8.1182,-9.7384,-2.0066,0.3,-0.1173,-0.4562
TCGA-AG-3885-01,-5.5691,-8.9478,-0.0083,1.9403,-0.2975,0.1413
TCGA-AG-3887-01,-4.9756,-3.0717,-1.4773,-1.6484,1.5664,-0.8777
TCGA-AG-3890-01,-2.6408,-3.1683,-1.3655,-3.194,-0.0821,-0.6986
TCGA-AG-3892-01,-3.4781,-4.2598,-2.134,0.5233,1.0636,1.8253
TCGA-AG-3893-01,-2.2865,-1.6326,-0.3777,0.0013,1.3602,1.5255
TCGA-AG-3894-01,-6.9347,-7.0207,-3.3193,2.2612,-0.6838,-0.2583
TCGA-AG-3896-01,-4.2908,-3.2323,-0.9128,0.42,1.0305,1.2627
TCGA-AG-3898-01,-9.1382,-4.0816,-6.2654,-1.4961,-1.6708,-2.0916
TCGA-AG-3901-01,-2.3247,-1.6202,0.3709,1.5137,1.5023,2.1043
TCGA-AG-3902-01,-3.8071,-5.3534,-0.4947,0.0671,1.9059,0.9942
TCGA-AG-3909-01,-2.2423,-3.0923,0.2349,0.4724,0.7258,0.7197
TCGA-AG-3999-01,-7.7763,1.4142,-2.9043,0.1036,-0.4799,0.1449
TCGA-AG-4001-01,-11.8922,-3.4131,-4.3694,-1.9918,-2.9111,-5.669
TCGA-AG-4005-01,-6.3913,-2.5643,-1.2556,-0.347,-0.4015,-0.3313
TCGA-AG-4007-01,-1.3141,-5.0807,-1.9607,-0.7629,0.1216,-0.1994
TCGA-AG-4008-01,-2.6744,-1.7676,-0.7215,0.1575,1.0663,1.4462
TCGA-AG-4015-01,-6.6699,-8.8074,-1.3529,0.0672,-0.0129,0.2957
TCGA-AG-4021-01,-10.1819,0.8304,-7.5937,-1.531,-3.9806,-2.9417
TCGA-AG-4022-01,-2.6459,-1.7486,-0.6579,-0.6749,0.9236,1.1562
TCGA-AG-A002-01,-11.9872,-1.2135,-9.0502,-0.5904,-2.3176,-3.4037
TCGA-AG-A008-01,-0.5196,-2.296,0.2741,0.7585,1.1312,0.975
TCGA-AG-A00C-01,-4.3301,-3.081,-3.3008,-0.4406,-1.9651,-1.6709
TCGA-AG-A00Y-01,-8.986,-6.3155,-2.2807,-0.3325,-1.059,-0.4238
TCGA-AG-A011-01,-4.4926,-1.2139,-0.6183,-1.0244,-0.645,-0.0611
TCGA-AG-A015-01,-4.2249,0.5987,-0.1059,1.9668,1.1945,1.6815
TCGA-AG-A016-01,-7.0835,-6.5763,-2.477,-0.9074,-0.8259,-1.7482
TCGA-AG-A01J-01,-4.529,-2.4717,-0.2637,0.2302,0.0532,0.2809
TCGA-AG-A01L-01,-7.5455,-3.1938,-0.157,1.7487,-1.3615,-1.2944
TCGA-AG-A01N-01,-9.559,-3.834,-2.1479,0.4402,-1.1144,-0.137
TCGA-AG-A01W-01,-5.7633,-3.1484,-4.483,-1.8442,-0.5218,-1.0951
TCGA-AG-A01Y-01,-6.8555,-1.6323,-5.5154,-2.4631,-1.3238,-1.9894
TCGA-AG-A020-01,-4.7184,-0.6069,2.1216,1.2387,2.6242,1.7105
TCGA-AG-A025-01,-4.8818,-0.8589,-2.1918,-0.923,-1.4105,-1.1263
TCGA-AG-A026-01,-5.2806,-5.1052,-4.7797,1.3935,-1.8974,-3.9382
TCGA-AG-A02G-01,-10.558,-5.837,-4.6381,0.7128,-1.2205,-1.4101
TCGA-AG-A02N-01,-0.1491,0.9004,-0.1078,-0.3856,1.3095,2.5504
TCGA-AG-A02X-01,-8.3376,-2.9393,1.4364,-0.868,2.7268,1.4121
TCGA-AG-A032-01,-5.6947,-0.3686,-1.0468,0.9778,-0.3158,-0.9067
TCGA-AH-6544-01,-4.023,-1.434,-0.2787,1.3177,0.823,1.6018
TCGA-AH-6547-01,-0.4415,1.2166,2.4041,1.237,1.8995,2.6442
TCGA-AH-6643-01,-12.3081,-1.2952,-10.3514,-1.1869,-3.573,-0.8709
TCGA-AH-6644-01,-11.2943,-1.0113,-5.7599,0.1715,-3.0922,-0.0801
TCGA-AH-6897-01,-9.6708,-2.4447,-9.1188,-2.1282,-4.9042,-5.7271
TCGA-AH-6903-01,-2.4152,-1.1992,-1.0819,-0.9385,0.8807,0.4244
TCGA-AM-5820-01,-12.9576,-0.8264,-6.0627,-0.4644,-4.6295,0.4216
TCGA-AM-5821-01,-7.7884,-1.397,-5.1611,-2.6744,-1.9206,-1.0306
TCGA-AU-3779-01,-10.7268,-2.2786,-6.3054,-1.5285,-4.1629,-4.3959
TCGA-AU-6004-01,-11.7275,-3.1606,-0.2668,-0.5254,-3.8903,0.3174
TCGA-AY-4070-01,-4.7065,-4.0034,-1.2258,0.0028,0.7211,0.2703
TCGA-AY-4071-01,-7.2595,-4.1972,-2.026,1.2476,-0.3821,-0.1385
TCGA-AY-5543-01,-5.8777,-1.241,-2.637,0.4132,-3.5854,-1.1834
TCGA-AY-6196-01,-11.5976,-3.3357,-3.6913,0.8554,1.6656,2.9688
TCGA-AY-6197-01,-4.0564,-3.2049,0.1321,0.5204,-0.0965,1.2749
TCGA-AY-6386-01,-0.7561,-0.3093,0.4531,1.6034,1.3905,2.214
TCGA-AY-A54L-01,-1.3197,-2.2893,-2.0082,-0.1073,1.3213,1.7048
TCGA-AY-A69D-01,-2.4445,-0.4066,-0.4993,1.6049,-0.561,0.6076
TCGA-AY-A71X-01,0.4269,-2.6992,1.7222,1.6958,2.7246,4.1755
TCGA-AY-A8YK-01,-3.8108,-1.875,-0.1421,0.5306,1.1686,1.6643
TCGA-AZ-4308-01,-4.1691,-14.3517,-0.7537,0.3826,1.2428,0.215
TCGA-AZ-4313-01,-4.298,-2.2636,0.6838,2.9827,3.1929,3.6767
TCGA-AZ-4315-01,-7.1466,-4.0254,-4.9819,1.7297,-1.8228,0.0987
TCGA-AZ-4323-01,-6.5334,-0.5274,-0.9781,0.1201,-0.6723,0.7171
TCGA-AZ-4614-01,-8.6415,-6.198,-4.3787,1.1017,-1.9486,1.4269
TCGA-AZ-4615-01,-12.0266,-4.5931,-2.0585,-2.9104,0.2053,2.4744
TCGA-AZ-4616-01,-4.4095,-3.0533,-3.5172,-0.4484,-0.0884,-0.5621
TCGA-AZ-4681-01,-2.6206,-7.8754,-3.0149,-1.5811,0.2846,-0.7611
TCGA-AZ-4682-01,-4.0942,-4.5074,-0.904,0.5393,1.0112,1.7797
TCGA-AZ-4684-01,-7.0008,-5.7145,-2.1482,-0.3499,0.3087,1.0341
TCGA-AZ-5403-01,-5.2536,-1.8644,-2.8084,0.1509,0.7317,1.2826
TCGA-AZ-5407-01,0.4033,-4.1504,-1.2304,1.0981,0.7777,2.308
TCGA-AZ-6598-01,-6.0217,-1.6447,0.9107,-0.8367,1.9983,2.4696
TCGA-AZ-6599-01,4.0925,-2.4582,2.3945,1.2039,3.2962,3.7711
TCGA-AZ-6600-01,-1.0915,-1.9727,-0.205,-0.2298,1.2595,1.5017
TCGA-AZ-6603-01,-2.5966,-3.7598,-2.5935,-1.9782,-0.3516,-0.8355
TCGA-AZ-6605-01,-1.5645,-3.0411,-0.5522,-1.534,0.9369,0.9619
TCGA-AZ-6606-01,-5.8067,0.0131,-3.1116,1.3428,-0.1745,0.757
TCGA-AZ-6607-01,-4.9763,0.112,-2.6476,-0.6086,-0.0898,0.1451
TCGA-CA-5254-01,-13.4149,0.1675,-8.7043,-0.3176,-3.1453,2.6541
TCGA-CA-5255-01,-8.0167,-0.0365,-3.1339,4.2867,0.9337,4.1892
TCGA-CA-5256-01,-4.5803,-5.2398,-7.8686,-1.5057,-1.9872,-1.337
TCGA-CA-5796-01,0.0223,0.168,2.376,3.0221,2.3688,3.9953
TCGA-CA-5797-01,-10.3579,-4.9192,-7.3717,-2.1122,-2.9367,-3.5421
TCGA-CA-6715-01,-10.2315,-5.5714,-6.0261,-0.8768,-2.5085,-3.4827
TCGA-CA-6716-01,-6.3822,-2.7229,-8.0098,0.6129,-3.5995,-3.9226
TCGA-CA-6717-01,-4.4053,-1.6274,-0.3367,0.7526,0.2394,1.248
TCGA-CA-6718-01,-10.25,-2.7683,-7.4234,-4.3435,-3.6498,-2.713
TCGA-CA-6719-01,-10.4225,-4.0591,-6.2064,-1.14,-3.6101,-3.022
TCGA-CI-6619-01,-3.2035,-2.494,0.9989,0.8184,1.8325,1.931
TCGA-CI-6620-01,-5.1484,-0.3608,-1.1301,-0.4431,0.8024,1.0367
TCGA-CI-6621-01,-2.9575,-3.1917,0.2784,1.6566,1.2705,1.6936
TCGA-CI-6622-01,-5.0479,-1.5783,-0.1622,1.3669,0.6898,1.3772
TCGA-CI-6623-01,-7.8763,-3.2235,-2.0791,-0.5248,-1.9421,-2.3167
TCGA-CI-6624-01,-3.0713,0.1088,1.5158,1.0192,1.2422,2.1853
TCGA-CK-4947-01,-4.8,-1.5206,0.2248,-0.3157,1.6446,1.1953
TCGA-CK-4948-01,-6.3955,-2.6473,-2.3566,-2.4865,0.272,-0.6857
TCGA-CK-4950-01,-0.6716,-1.4249,0.5491,0.9996,1.5825,1.7825
TCGA-CK-4951-01,-10.924,-3.4055,0.6213,-1.6985,-1.3617,1.3588
TCGA-CK-4952-01,-0.2103,-3.328,0.9007,2.5297,2.9811,2.9491
TCGA-CK-5912-01,-13.4149,-3.1835,-11.5677,-3.7872,-4.3592,-6.1309
TCGA-CK-5913-01,-11.6162,-1.0712,-1.5453,0.9281,0.032,2.7348
TCGA-CK-5914-01,-4.3429,-2.6761,-3.1274,-1.3525,-0.3438,-2.3124
TCGA-CK-5915-01,-3.3172,-3.1699,-5.7133,0.3082,-2.4435,-3.3291
TCGA-CK-5916-01,-11.2634,-0.0922,-0.6591,-1.4963,-4.3425,-1.5666
TCGA-CK-6746-01,-9.5082,-1.9149,-7.8785,0.366,-2.7182,3.0245
TCGA-CK-6747-01,-0.7192,-3.0422,-0.0117,0.4948,0.748,1.158
TCGA-CK-6748-01,-11.9611,-0.6778,-1.2271,-0.4111,-3.5096,-3.1692
TCGA-CK-6751-01,-2.6879,-2.3475,1.6031,1.2401,2.2129,2.2763
TCGA-CL-4957-01,-5.102,-3.5827,-0.0042,0.7786,1.0069,1.5132
TCGA-CL-5917-01,-11.7782,2.9535,-10.5874,-1.4013,-2.75,-4.7256
TCGA-CL-5918-01,-9.8902,-4.7618,-9.489,-0.6775,-3.5012,-6.1309
TCGA-CM-4743-01,-7.1549,-2.1065,-3.4704,3.0264,-1.2031,2.9341
TCGA-CM-4744-01,-12.6644,1.9558,-10.3851,0.0812,-1.3929,1.2866
TCGA-CM-4746-01,2.326,-6.2416,-0.0636,1.8454,4.3115,3.0503
TCGA-CM-4747-01,-6.299,-1.0777,-2.6409,2.5298,-0.3669,0.4475
TCGA-CM-4748-01,-4.577,-5.2957,-1.4267,1.8819,1.8777,2.0015
TCGA-CM-4750-01,-7.0762,-5.7518,-5.2327,-0.0604,-1.3823,-1.7539
TCGA-CM-4751-01,-1.691,-2.0242,-0.2449,0.7028,0.984,2.4115
TCGA-CM-4752-01,-1.949,-5.0951,-2.3944,-1.4812,0.6588,0.3106
TCGA-CM-5341-01,-10.8933,0.8439,-8.7727,0.1313,-3.7568,-3.5955
TCGA-CM-5344-01,-6.6089,-1.3308,-2.6278,-0.9483,-2.0608,-2.0274
TCGA-CM-5348-01,-9.4684,-3.4707,-4.7796,-0.7601,-0.5447,2.1522
TCGA-CM-5349-01,-5.8909,-0.6236,-3.7529,0.0064,-0.5572,0.1453
TCGA-CM-5860-01,-5.7777,-1.8765,-5.2747,-0.0527,-1.3366,0.0353
TCGA-CM-5861-01,-9.6296,-2.2305,1.5274,3.1577,1.0678,4.1526
TCGA-CM-5862-01,-9.1531,-4.4413,-6.489,-2.273,-1.3851,-1.5839
TCGA-CM-5863-01,0.7322,-1.8016,1.6434,1.4536,2.2509,3.5673
TCGA-CM-5864-01,-5.7206,-5.3181,-3.8851,-1.8475,0.0101,-0.0424
TCGA-CM-5868-01,-4.3589,-4.2556,-5.1503,-1.0013,-1.7469,-2.4502
TCGA-CM-6161-01,-4.8085,-5.3586,-3.3676,-0.5114,-0.5356,-0.6539
TCGA-CM-6162-01,1.4542,-0.2335,0.6694,-0.0158,1.7798,2.7723
TCGA-CM-6163-01,-2.6821,-2.6762,-0.3225,-0.3429,0.7764,1.1222
TCGA-CM-6164-01,-10.6823,-3.814,-5.8242,-1.4323,-2.402,-2.0007
TCGA-CM-6165-01,-5.5859,-2.442,-0.6432,0.8342,-0.7907,-0.7103
TCGA-CM-6166-01,-8.4343,-1.3176,-7.475,-0.3449,-3.6072,-4.0173
TCGA-CM-6167-01,-3.0911,-0.5425,-2.396,-2.0365,1.2873,-0.483
TCGA-CM-6168-01,-0.7847,-1.9483,-0.7195,-1.1117,1.1129,0.9608
TCGA-CM-6169-01,-8.9042,-2.4739,-4.9483,-4.307,-2.9172,-2.6355
TCGA-CM-6170-01,-5.1624,-2.218,-5.3703,-0.9106,-2.3529,-3.598
TCGA-CM-6171-01,-2.4989,0.2282,-0.5079,3.0128,1.8143,3.4578
TCGA-CM-6172-01,-0.5636,-2.8502,-0.2496,-0.5784,1.1279,0.933
TCGA-CM-6674-01,-1.8436,-4.1009,2.2246,1.695,2.2563,4.0199
TCGA-CM-6675-01,-9.6032,-4.1044,-6.6167,1.0134,-2.8096,-0.3305
TCGA-CM-6676-01,-6.8713,-2.2547,-5.5731,-2.8085,-1.7599,-1.5823
TCGA-CM-6677-01,-4.817,-3.756,-1.6337,-1.6983,-0.9343,-0.3615
TCGA-CM-6678-01,-4.7595,-2.142,-1.9248,1.3726,0.5107,1.7954
TCGA-CM-6679-01,-10.5509,-6.1156,-7.0145,-2.3708,-3.7108,-4.804
TCGA-CM-6680-01,1.0141,-2.4357,0.4903,2.0374,1.5603,1.4076
TCGA-D5-5537-01,-12.2221,-2.5231,-4.8952,-0.3193,-2.3773,-0.7465
TCGA-D5-5538-01,-11.3179,-0.3874,-6.6031,0.507,-3.3256,-2.3967
TCGA-D5-5539-01,0.4004,-2.2864,1.6686,2.8035,2.8167,3.4833
TCGA-D5-5540-01,-10.7273,-1.4653,-8.4867,-0.6615,-3.0266,-4.6691
TCGA-D5-5541-01,-10.8991,-5.0731,-11.0777,-2.3134,-3.2486,-5.2576
TCGA-D5-6529-01,-3.1485,-0.6465,-3.3475,1.2431,-1.7313,-1.1168
TCGA-D5-6530-01,0.7147,-1.349,0.4973,-0.4794,1.6715,2.6991
TCGA-D5-6531-01,-10.586,-2.3184,-5.2881,-2.4078,-1.6445,-2.0808
TCGA-D5-6532-01,-9.1876,-3.6858,-4.3869,-2.6558,-2.8928,-5.1134
TCGA-D5-6533-01,-11.6875,-3.3353,-10.6014,-0.3155,-4.6084,-5.802
TCGA-D5-6534-01,-2.6903,-3.8187,-0.8228,-0.3927,-1.2975,0.4807
TCGA-D5-6535-01,-6.1238,0.47,-3.632,3.0872,-2.6925,1.0474
TCGA-D5-6536-01,-10.4868,-3.5056,0.8431,2.0725,3.2076,1.4192
TCGA-D5-6537-01,-6.2853,-2.0964,-5.5728,0.5157,-1.4788,-1.3268
TCGA-D5-6538-01,-10.7339,-5.7566,-1.9376,-0.1817,-1.2622,-0.2616
TCGA-D5-6539-01,-0.92,0.4813,0.9519,1.1258,1.1464,1.5063
TCGA-D5-6540-01,-11.5082,-2.995,2.1247,1.4562,2.2728,3.2805
TCGA-D5-6541-01,-4.7882,-4.6614,-5.6723,-2.7592,-1.1032,-1.6207
TCGA-D5-6898-01,-9.8325,-3.3456,-9.0271,-0.6904,-4.3175,-4.3094
TCGA-D5-6920-01,-1.3776,-2.1183,0.7849,1.3616,1.063,1.8417
TCGA-D5-6922-01,-7.9717,-4.9377,-4.3403,-1.9501,-2.8083,-3.0042
TCGA-D5-6923-01,-11.7298,-4.0917,-5.8511,-1.8382,-4.2454,-5.0052
TCGA-D5-6924-01,-5.3475,-4.2799,-7.0568,0.0262,-1.9989,-2.312
TCGA-D5-6926-01,-9.2036,-6.1726,-6.6352,-1.6831,-3.2432,-4.3796
TCGA-D5-6927-01,-5.7035,-4.6142,-1.3463,0.7773,-0.9046,0.7392
TCGA-D5-6928-01,-1.8796,-3.7096,-0.0711,0.6937,0.4404,2.5512
TCGA-D5-6929-01,-8.1262,-3.0085,-6.6714,-0.4963,-1.1202,-2.8881
TCGA-D5-6930-01,-11.0245,-5.0207,1.6209,3.929,3.1495,4.0925
TCGA-D5-6931-01,-0.3781,-0.0971,-0.2314,-0.0944,0.7243,1.3026
TCGA-D5-6932-01,-5.7218,-6.4393,-4.391,-0.311,-1.8281,-2.351
TCGA-D5-7000-01,-12.6562,-0.2911,1.449,2.4612,1.0119,2.7565
TCGA-DC-4745-01,-5.679,-4.4022,-4.5922,-0.6097,-0.4438,0.1583
TCGA-DC-4749-01,-9.3771,-3.3021,-6.0888,1.5676,-1.5793,-1.6372
TCGA-DC-5337-01,-4.6674,-2.525,-6.6434,-0.8134,-0.7471,-2.9456
TCGA-DC-5869-01,-8.1738,-2.7242,-7.8271,-1.0708,-2.099,-1.5567
TCGA-DC-6154-01,-8.6315,-4.8043,-8.2954,-0.6851,-3.1302,-2.8611
TCGA-DC-6155-01,-4.8291,-10.2309,-2.7764,1.5191,0.9087,0.2357
TCGA-DC-6156-01,-12.0147,-2.4303,-12.318,-2.6496,-4.5967,-3.8891
TCGA-DC-6157-01,-8.915,-2.8746,-4.3841,-1.1618,-0.959,-0.6789
TCGA-DC-6158-01,-8.1094,-3.9766,-2.507,-1.6142,-1.1347,-0.2989
TCGA-DC-6160-01,-4.075,0.1731,-0.6854,-0.589,0.5489,0.4134
TCGA-DC-6681-01,-9.8417,-3.3005,-0.3441,2.3914,-0.6569,1.304
TCGA-DC-6682-01,-10.1607,1.0624,-3.6285,0.7168,-3.6622,-1.2922
TCGA-DC-6683-01,-10.237,-0.0736,-6.9454,0.3762,-3.4738,-2.1852
TCGA-DM-A0X9-01,-3.7946,-2.4352,-1.3548,0.8011,0.7477,0.7077
TCGA-DM-A0XD-01,-13.4149,-2.0814,-4.4647,-0.0279,-1.9168,-2.194
TCGA-DM-A0XF-01,-10.2307,-4.6288,-10.832,0.6064,-1.6163,-4.1383
TCGA-DM-A1D0-01,-13.0381,-2.5521,-6.5152,-1.0692,-4.3587,-2.8521
TCGA-DM-A1D4-01,-1.7234,-1.8587,0.0386,2.1007,1.7008,1.0418
TCGA-DM-A1D6-01,-4.3168,-0.7276,2.8662,2.3572,3.5165,3.2845
TCGA-DM-A1D7-01,-5.2343,-5.5885,-1.5093,-0.1626,-1.6319,0.2212
TCGA-DM-A1D8-01,-11.5022,-7.0418,-9.0369,-0.3306,-3.0224,-1.6118
TCGA-DM-A1D9-01,-3.0679,-1.2062,-1.2508,0.4799,0.1929,1.3493
TCGA-DM-A1DA-01,-11.6435,-6.5849,-1.4402,-0.385,0.2178,1.5263
TCGA-DM-A1DB-01,-12.8208,-2.7468,-11.2582,-2.2017,-1.8277,-5.0141
TCGA-DM-A1HA-01,-13.4149,-2.0464,-12.4259,-6.6467,-3.7036,-4.723
TCGA-DM-A1HB-01,-12.3763,-5.3712,1.1456,3.396,1.8643,3.3351
TCGA-DM-A280-01,-4.2315,-1.4281,0.8768,3.1561,0.9113,2.7363
TCGA-DM-A282-01,-6.1224,-4.5564,-2.3403,-0.3,-0.9216,-0.182
TCGA-DM-A285-01,-7.4553,-3.5258,-1.3685,-2.905,-0.7258,-0.6659
TCGA-DM-A288-01,-11.3267,-2.5547,0.9129,-0.2653,-3.853,-0.3989
TCGA-DM-A28A-01,-10.415,-4.1124,-6.6716,-0.7546,-2.4225,-2.309
TCGA-DM-A28C-01,-4.8351,-5.1833,-5.2241,-1.3786,-0.5577,-1.7283
TCGA-DM-A28E-01,-12.2967,-2.815,-2.5776,0.3423,-4.3996,-2.2989
TCGA-DM-A28F-01,-4.0722,-4.9401,-4.6729,-0.7273,-1.4191,-0.1305
TCGA-DM-A28G-01,-0.6393,-3.4032,-1.094,0.7797,-0.2451,1.4548
TCGA-DM-A28H-01,-9.13,-2.8593,-6.3927,-3.2513,-2.0959,-1.8863
TCGA-DM-A28K-01,0.8818,-2.4209,2.5266,3.5992,3.6888,3.7888
TCGA-DM-A28M-01,-3.8443,-1.5271,-1.6917,0.9426,0.3779,1.183
TCGA-DT-5265-01,-12.5012,-4.7762,-0.5267,1.8527,-0.5789,2.0936
TCGA-DY-A0XA-01,-13.4149,-2.8569,-11.9919,-1.8579,-4.0333,-5.1626
TCGA-DY-A1DC-01,-10.3449,-3.4737,-7.5439,-0.5715,-2.8916,-5.0403
TCGA-DY-A1DD-01,-12.5054,-7.837,-8.222,-3.3689,-3.9168,-6.1309
TCGA-DY-A1DE-01,-13.4149,-3.2186,-6.5633,-0.7805,-4.59,-2.493
TCGA-DY-A1DF-01,-13.4149,-7.0395,-10.1794,-4.8678,-1.9678,-5.0433
TCGA-DY-A1DG-01,-12.8919,-8.9856,-6.9306,-3.334,-2.281,-3.1407
TCGA-DY-A1H8-01,-12.3415,-3.7674,-10.2255,-1.4114,-2.5958,-4.3855
TCGA-EF-5830-01,-10.5985,-3.0245,-6.3329,-0.3367,-1.6154,-3.34
TCGA-EF-5831-01,-8.3558,-1.5382,-0.7466,-1.9341,-3.8436,-3.552
TCGA-EI-6506-01,-3.2279,-2.2885,1.2714,0.6732,0.9642,1.8041
TCGA-EI-6507-01,-11.7205,1.6499,1.8794,3.4531,1.387,3.2938
TCGA-EI-6508-01,-5.3627,-3.9587,-0.8152,-0.1109,0.0586,0.5226
TCGA-EI-6509-01,-8.4388,-2.0207,-6.7348,-1.0209,-0.9731,-0.4348
TCGA-EI-6510-01,1.0512,-1.855,1.3645,0.4533,2.2789,2.0394
TCGA-EI-6511-01,-8.013,-0.9494,-7.3786,-0.9274,-2.1209,-3.6944
TCGA-EI-6512-01,-5.8831,-2.0149,-0.8214,1.4433,-0.1999,1.1385
TCGA-EI-6513-01,-12.4009,-3.5298,-9.5271,-3.7289,-2.6751,-4.2283
TCGA-EI-6514-01,-12.0747,-3.2422,-8.7741,0.0876,-4.4028,-4.8022
TCGA-EI-6881-01,-5.2444,-3.014,-2.4137,-0.1872,-0.4367,0.0254
TCGA-EI-6882-01,-0.858,1.3426,2.0202,2.6072,1.8657,4.0251
TCGA-EI-6883-01,-4.6462,-6.3984,-5.5056,-0.9477,-2.554,-2.1825
TCGA-EI-6884-01,-3.8082,-2.0936,0.0122,0.3879,1.1624,1.4486
TCGA-EI-6885-01,-12.1809,-5.812,-9.851,-2.8669,-4.9042,-4.8256
TCGA-EI-6917-01,-11.7279,-4.9659,-2.6646,-1.7671,-2.0379,-0.0768
TCGA-EI-7002-01,-7.0001,-2.7652,-5.0207,-1.2325,-1.6509,-2.2045
TCGA-EI-7004-01,-1.3977,-1.8733,1.5917,0.8468,3.5845,3.1618
TCGA-F4-6459-01,-8.1774,0.2219,-6.5579,0.2165,-4.1195,-3.1271
TCGA-F4-6460-01,-0.2888,-3.952,0.8875,-0.6508,0.9493,1.1606
TCGA-F4-6461-01,-3.9942,-3.426,0.2159,2.9875,2.0212,2.0513
TCGA-F4-6463-01,-0.6959,-1.4474,-2.8293,-0.1075,-0.7321,0.3359
TCGA-F4-6569-01,-10.5034,-3.1754,-5.2187,-0.4191,-0.4197,-2.458
TCGA-F4-6570-01,-13.4149,-5.7618,-5.871,0.2364,-0.8514,3.4456
TCGA-F4-6703-01,-13.4149,-1.4932,-5.4545,-0.9706,-2.8955,-1.1749
TCGA-F4-6704-01,-5.7485,-4.4561,-0.2022,1.8001,0.8101,3.2747
TCGA-F4-6805-01,-1.9009,-0.7452,-0.7128,-0.9491,0.7976,1.0738
TCGA-F4-6806-01,-1.3834,-1.5986,-1.2458,-0.2082,1.1273,2.4257
TCGA-F4-6807-01,-5.0487,-2.3955,-4.9273,-1.1425,-2.6032,-1.9551
TCGA-F4-6808-01,-4.5403,-6.6602,-3.2623,-1.7983,-0.4576,-0.5094
TCGA-F4-6809-01,-7.5489,-2.4158,-3.2018,2.6993,-2.5261,-1.6103
TCGA-F4-6854-01,-4.8262,-4.8654,-1.7026,1.1108,0.0794,-0.0275
TCGA-F4-6855-01,-1.4837,-4.6488,-0.71,0.3639,0.6075,0.6778
TCGA-F4-6856-01,-4.8544,-2.7484,2.7085,2.7504,2.1778,3.9851
TCGA-F5-6464-01,-13.4149,-2.257,-1.2252,1.8247,-2.273,0.9902
TCGA-F5-6465-01,-6.759,-1.7766,-4.3655,-0.7634,-1.8382,-1.7543
TCGA-F5-6571-01,-12.9726,-3.5348,-5.7044,-2.7607,-4.6385,-4.8721
TCGA-F5-6702-01,-2.5638,-3.9417,-0.5827,-1.0988,0.6051,0.9502
TCGA-F5-6810-01,-6.6871,-2.9687,-4.7253,-1.3097,-1.9364,-0.7419
TCGA-F5-6811-01,-6.0605,-1.5221,-0.7985,-0.911,-1.2878,-1.0475
TCGA-F5-6812-01,-10.9223,-4.7616,-5.361,0.3474,-4.9042,-3.5956
TCGA-F5-6813-01,-12.0903,-1.9047,-8.4656,0.3186,-4.9042,-4.6595
TCGA-F5-6814-01,-8.9216,-3.9781,-6.1506,0.0136,-2.0194,-0.8241
TCGA-F5-6861-01,-7.2044,-5.4226,-1.5121,0.5659,-0.1294,0.3837
TCGA-F5-6863-01,-12.0383,-5.6411,-7.9921,0.9898,-3.5674,-3.6511
TCGA-F5-6864-01,-8.6313,-3.0918,-5.0436,-2.1156,-0.9987,-3.1824
TCGA-G4-6293-01,-4.5945,-2.0597,-2.0301,0.126,-0.2647,0.1033
TCGA-G4-6294-01,-9.1911,-3.1231,-8.3767,-1.7029,-3.6843,-3.508
TCGA-G4-6295-01,-5.9065,-4.1193,-4.3851,-0.9146,-1.304,-1.0497
TCGA-G4-6297-01,-2.5207,0.4312,-2.0263,0.0611,-0.4445,-0.3704
TCGA-G4-6298-01,-8.9593,-6.2549,-6.5347,-0.1517,-1.8325,-2.9264
TCGA-G4-6299-01,-11.8602,-4.5074,-8.9516,0.7914,-1.1696,2.2034
TCGA-G4-6302-01,-7.1351,-3.3494,1.2668,1.8623,0.0786,2.8328
TCGA-G4-6303-01,-9.1387,-3.3267,-6.5185,-0.8024,-4.2225,-4.1503
TCGA-G4-6304-01,-8.9651,-6.9038,-2.7578,-0.6436,-2.4113,-1.1878
TCGA-G4-6306-01,-4.5219,-4.2406,-2.9015,-0.9972,-0.3203,0.2156
TCGA-G4-6307-01,-8.9652,-6.3711,-7.8982,-2.7371,-3.2762,-3.4606
TCGA-G4-6309-01,-2.933,-4.0266,-0.9882,1.7964,0.1309,3.5754
TCGA-G4-6311-01,-2.4567,-4.1479,-1.8984,-1.3533,-0.6319,-1.572
TCGA-G4-6315-01,-3.0309,-3.0757,0.0731,0.4634,1.1569,1.5998
TCGA-G4-6317-01,-6.1955,-8.5885,-4.8782,-2.6294,-0.4839,-0.7396
TCGA-G4-6320-01,-1.4435,-3.8764,1.7161,2.1427,1.4698,3.3964
TCGA-G4-6321-01,-3.4955,-0.1807,4.2002,4.8441,1.0974,4.8714
TCGA-G4-6322-01,-1.6293,-1.2739,2.4767,2.0965,3.2052,2.355
TCGA-G4-6323-01,0.0603,-1.979,-0.8094,0.0036,0.882,1.8139
TCGA-G4-6586-01,-13.4149,-4.5835,-1.1347,1.5468,-1.7069,2.1596
TCGA-G4-6588-01,-4.9202,-4.1123,0.8627,1.5602,0.4103,2.7134
TCGA-G4-6626-01,-7.6871,-7.0244,-4.5195,-2.3114,-2.842,-2.5179
TCGA-G4-6627-01,0.555,-0.6713,-0.1084,0.6963,0.6974,0.7355
TCGA-G4-6628-01,-3.9455,-2.626,-2.7583,-0.6814,-0.3665,0.9365
TCGA-G5-6641-01,-0.3141,2.4786,0.3824,1.7041,1.69,2.4639
TCGA-NH-A50T-01,-8.302,-2.5466,-5.6276,-1.059,-1.818,-2.8073
TCGA-NH-A50U-01,-13.4149,-0.5152,-1.8696,-4.4106,-3.6593,-0.9893
TCGA-NH-A50V-01,-6.4819,-2.338,-0.1829,0.1765,-2.3594,-3.0542
TCGA-NH-A5IV-01,-2.4243,0.5662,0.7888,-0.6014,-2.001,2.6226
TCGA-NH-A6GA-01,-10.5859,-2.0891,-3.4861,-0.6925,-0.8153,1.7206
TCGA-NH-A6GB-01,-5.7991,-3.7601,-3.225,-1.9845,-1.1961,-1.2526
TCGA-NH-A6GC-01,-8.6512,-3.7412,1.9845,1.92,1.7599,3.2549
TCGA-NH-A8F7-01,-6.8055,-5.9751,-6.1665,-3.5359,-2.1576,-4.261
TCGA-NH-A8F8-01,-13.4149,-3.2894,-4.3843,1.8003,-1.6447,-4.9604
TCGA-QG-A5YV-01,-1.889,-1.3287,-2.0093,0.0091,-0.0676,0.374
TCGA-QG-A5YW-01,-0.2824,-2.5793,-1.7179,-0.0805,-1.2026,-0.835
TCGA-QG-A5YX-01,-4.1046,0.0288,-1.3872,-1.6911,-0.7825,-1.0238
TCGA-QG-A5Z1-01,-10.1468,-0.9625,-4.3417,-0.7058,-3.3288,-2.7707
TCGA-QG-A5Z2-01,-1.4141,-2.2974,1.4153,0.4873,1.4568,3.2197
TCGA-QL-A97D-01,-5.3366,-2.8484,-2.5404,-1.0737,-1.2689,-1.1679
TCGA-RU-A8FL-01,-12.568,-5.0413,-7.075,-0.6023,-4.2273,-2.8423
TCGA-SS-A7HO-01,-8.8949,-5.3248,-6.3629,-2.8422,-2.7531,-2.9979
TCGA-T9-A92H-01,-4.549,-2.2799,-2.5576,0.0168,-1.123,-0.1418
TCGA-WS-AB45-01,-13.4149,-2.5579,3.3488,1.6718,2.8891,3.8634
