gene,drug,approved,score,interaction_type,sources
KRAS,GEMCITABINE,True,0.02142561809078434,unknown,"CGI, CIViC"
KRAS,VEDROPREVIR,False,0.433868766338383,inhibitor,ChEMBL
KRAS,COBIMETINIB,True,0.05104338427510388,unknown,"ClearityFoundationBiomarkers, OncoKB"
KRAS,BEVACIZUMAB,True,0.01928305628170591,unknown,CIViC
KRAS,RAS PEPTIDE CANCER VACCINE,False,0.433868766338383,vaccine,TALC
KRAS,PACLITAXEL PROTEIN-BOUND,True,0.007416560108348427,unknown,CIViC
KRAS,SOTORASIB,True,1.446229221127943,unknown,"PharmGKB, CIViC"
KRAS,AMG410,False,0.433868766338383,modulator,GuideToPharmacology
KRAS,NIVOLUMAB,True,0.05423359579229787,unknown,"PharmGKB, CIViC"
KRAS,PIMASERTIB,False,0.05423359579229787,unknown,ClearityFoundationBiomarkers
KRAS,METFORMIN,True,0.01606921356808826,unknown,CIViC
KRAS,TIZATERKIB,False,0.2169343831691915,unknown,CIViC
KRAS,SOTORASIB,True,0.433868766338383,inhibitor,ChEMBL
KRAS,GARSORASIB,False,0.433868766338383,inhibitor,GuideToPharmacology
KRAS,CAPECITABINE,True,0.01577704604866847,unknown,PharmGKB
KRAS,ENCORAFENIB,True,0.1446229221127943,unknown,"PharmGKB, CIViC"
KRAS,DACTOLISIB,False,0.02958196134125338,unknown,CIViC
KRAS,IRINOTECAN HYDROCHLORIDE,True,0.03190211517193992,unknown,CIViC
KRAS,PICTILISIB,False,0.02892458442255886,unknown,CIViC
KRAS,PEMBROLIZUMAB,True,0.04232866013057395,unknown,"PharmGKB, CIViC"
KRAS,ARS-1620,False,1.735475065353532,inhibitor,"GuideToPharmacology, CIViC"
KRAS,SOTORASIB,False,0.433868766338383,inhibitor,GuideToPharmacology
KRAS,DASATINIB ANHYDROUS,True,0.01188681551612008,unknown,CIViC
KRAS,COMPOUND 25 [PMID: 32023060],False,0.433868766338383,inhibitor,GuideToPharmacology
KRAS,DANOPREVIR,False,0.433868766338383,inhibitor,ChEMBL
KRAS,DOCETAXEL ANHYDROUS,True,0.02410382035213239,unknown,"CGI, CIViC"
KRAS,MUC1-TARGETED PEPTIDE GO-203-2C,False,0.867737532676766,unknown,CIViC
KRAS,THERAPEUTIC TUMOR INFILTRATING LYMPHOCYTES,False,0.433868766338383,unknown,CIViC
KRAS,AZACITIDINE,True,0.01084671915845957,unknown,PharmGKB
KRAS,B-RAF/VEGFR-2 INHIBITOR RAF265,False,0.1446229221127943,unknown,CIViC
KRAS,PARITAPREVIR,True,0.2169343831691915,inhibitor,ChEMBL
KRAS,VANIPREVIR,False,0.1084671915845957,inhibitor,ChEMBL
KRAS,DUAL IGF-1R/INSR INHIBITOR BMS-754807,False,0.2892458442255887,unknown,CIViC
KRAS,SORAFENIB,True,0.00433868766338383,unknown,CGI
KRAS,CILUPREVIR,False,0.433868766338383,inhibitor,ChEMBL
KRAS,TRASTUZUMAB,True,0.01549531308351367,unknown,CGI
KRAS,TEMSIROLIMUS,True,0.03099062616702735,unknown,ClearityFoundationBiomarkers
KRAS,DECITABINE,True,0.05423359579229788,unknown,"CGI, CIViC"
KRAS,SALIRASIB,False,0.1183278453650135,inhibitor,"CIViC, ChEMBL"
KRAS,PHA-665752,False,0.2169343831691915,unknown,CIViC
KRAS,MITOGEN-ACTIVATED PROTEIN KINASE KINASE INHIBITOR,False,0.07231146105639717,unknown,CGI
KRAS,SELUMETINIB,True,0.1446229221127943,inhibitor,"MyCancerGenomeClinicalTrial, ClearityFoundationBiomarkers, CGI, CIViC"
KRAS,CETUXIMAB,True,0.6749069698597069,unknown,"ClearityFoundationBiomarkers, CGI, DoCM, OncoKB, CIViC"
KRAS,PEMETREXED DISODIUM,True,0.03615573052819858,unknown,CIViC
KRAS,ABEMACICLIB,True,0.06850559468500785,unknown,"CGI, CIViC"
KRAS,ASUNAPREVIR,True,0.1446229221127943,inhibitor,ChEMBL
KRAS,RIGOSERTIB,False,0.1084671915845957,unknown,CIViC
KRAS,GLECAPREVIR,True,0.433868766338383,inhibitor,ChEMBL
KRAS,AZD5438,False,0.04132083488936981,unknown,CIViC
KRAS,SIMEPREVIR SODIUM,True,0.433868766338383,inhibitor,ChEMBL
KRAS,KRAS G12D INHIBITOR HRS-4642,False,0.867737532676766,unknown,CIViC
KRAS,DIVARASIB,False,0.867737532676766,unknown,CIViC
KRAS,GI-4000,False,0.2169343831691915,unknown,TdgClinicalTrial
KRAS,BI-2493,False,0.433868766338383,inhibitor,GuideToPharmacology
KRAS,TUCATINIB,True,0.07231146105639717,unknown,PharmGKB
KRAS,MIRDAMETINIB,False,0.0433868766338383,unknown,ClearityFoundationBiomarkers
KRAS,MEK INHIBITOR GDC-0623,False,0.867737532676766,unknown,CIViC
KRAS,PD98059,False,0.04132083488936981,unknown,CIViC
KRAS,DIVARASIB,False,0.433868766338383,inhibitor,GuideToPharmacology
KRAS,COMPOUND 15 [PMID: 41769711],False,0.433868766338383,inhibitor,GuideToPharmacology
KRAS,COMPOUND 39 [PMID: 41770619],False,0.433868766338383,inhibitor,GuideToPharmacology
KRAS,CARBOPLATIN,True,0.01479098067062669,unknown,CIViC
KRAS,PONATINIB,True,0.01807786526409929,unknown,CGI
KRAS,GS-9256,False,0.1084671915845957,inhibitor,ChEMBL
KRAS,SCH772984,False,0.1446229221127943,unknown,CIViC
KRAS,SETIDEGRASIB,False,0.867737532676766,unknown,CIViC
KRAS,ADAGRASIB,True,0.433868766338383,inhibitor,ChEMBL
KRAS,LUNA18,False,0.433868766338383,inhibitor,GuideToPharmacology
KRAS,TEPROTUMUMAB,True,0.2892458442255887,unknown,CIViC
KRAS,BOCEPREVIR,True,0.06198125233405471,inhibitor,ChEMBL
KRAS,NARLAPREVIR,False,0.433868766338383,inhibitor,ChEMBL
KRAS,PI3KBETA INHIBITOR AZD8186,False,0.433868766338383,unknown,CIViC
KRAS,VANDETANIB,True,0.007747656541756839,unknown,ClearityFoundationBiomarkers
KRAS,FURAPREVIR,False,0.433868766338383,inhibitor,ChEMBL
KRAS,FULZERASIB,False,0.433868766338383,inhibitor,GuideToPharmacology
KRAS,TIPIRACIL / TRIFLURIDINE,False,0.2169343831691915,unknown,PharmGKB
KRAS,VEMURAFENIB,True,0.01276084606877597,unknown,PharmGKB
KRAS,CRIZOTINIB,True,0.03470950130707064,unknown,CIViC
KRAS,OLOMORASIB,False,0.433868766338383,inhibitor,GuideToPharmacology
KRAS,ADAGRASIB,True,2.169343831691915,inhibitor,"PharmGKB, GuideToPharmacology, CIViC"
KRAS,LONAFARNIB,True,0.0433868766338383,inhibitor,GuideToPharmacology
KRAS,ALISERTIB,False,0.01846250069525034,unknown,CIViC
KRAS,BI-0474,False,0.433868766338383,inhibitor,GuideToPharmacology
KRAS,EPIDERMAL GROWTH FACTOR RECEPTOR TYROSINE KINASE INHIBITOR,False,0.1446229221127943,unknown,CIViC
KRAS,GRAZOPREVIR,True,0.2169343831691915,inhibitor,ChEMBL
KRAS,OPNURASIB,False,0.433868766338383,inhibitor,GuideToPharmacology
KRAS,ATEZOLIZUMAB,True,0.03470950130707064,unknown,CIViC
KRAS,DARAXONRASIB,False,0.433868766338383,inhibitor,GuideToPharmacology
KRAS,REGORAFENIB,True,0.03944261512167118,inhibitor,"PharmGKB, MyCancerGenomeClinicalTrial, OncoKB"
KRAS,CISPLATIN,True,0.005196033129800994,unknown,CIViC
KRAS,CET KRAS ANTISENSE OLIGONUCLEOTIDE AZD4785,False,0.433868766338383,unknown,TTD
KRAS,DABRAFENIB,True,0.01668726024378396,unknown,PharmGKB
KRAS,BINIMETINIB,True,0.1141759911416797,unknown,"ClearityFoundationBiomarkers, OncoKB, CIViC"
KRAS,RAMUCIRUMAB,True,0.0867737532676766,unknown,PharmGKB
KRAS,AVUTOMETINIB,True,0.0867737532676766,unknown,PharmGKB
KRAS,GEFITINIB,True,0.0377277188120333,unknown,"ClearityFoundationBiomarkers, CIViC"
KRAS,ERAS-5024,False,0.2169343831691915,inhibitor,GuideToPharmacology
KRAS,PANITUMUMAB,True,0.9590783255901097,unknown,"ClearityFoundationBiomarkers, CGI, DoCM, OncoKB, CIViC"
KRAS,IPILIMUMAB,True,0.04132083488936981,unknown,PharmGKB
KRAS,PALBOCICLIB,True,0.01577704604866847,unknown,CIViC
KRAS,FRUQUINTINIB,True,0.1084671915845957,unknown,PharmGKB
KRAS,VOXILAPREVIR,True,0.433868766338383,inhibitor,ChEMBL
KRAS,AVUTOMETINIB AND DEFACTINIB,False,0.867737532676766,unknown,CIViC
KRAS,AZD4625,False,0.433868766338383,modulator,GuideToPharmacology
KRAS,DEFACTINIB,True,0.2169343831691915,unknown,PharmGKB
KRAS,TELAPREVIR,True,0.0867737532676766,inhibitor,ChEMBL
KRAS,ERLOTINIB,True,0.0608938619422292,unknown,"ClearityFoundationBiomarkers, CIViC"
KRAS,MRTX1133,False,0.433868766338383,inhibitor,GuideToPharmacology
KRAS,TRAMETINIB DIMETHYL SULFOXIDE,True,0.1226150861391082,unknown,"PharmGKB, ClearityFoundationBiomarkers, CGI, OncoKB, CIViC"
KRAS,SIMVASTATIN,True,0.00867737532676766,inhibitor,MyCancerGenomeClinicalTrial
KRAS,BCL-2 INHIBITOR,False,0.433868766338383,unknown,CGI
KRAS,IMATINIB,True,0.005943407758060041,unknown,CGI
KRAS,ASP2453,False,0.433868766338383,inhibitor,GuideToPharmacology
KRAS,LAPATINIB,True,0.01496099194270286,unknown,CGI
KRAS,AFATINIB,True,0.06508031495075745,unknown,CIViC
KRAS,VOCIPROTAFIB,False,0.433868766338383,unknown,CIViC
KRAS,SOVAPREVIR,False,0.433868766338383,inhibitor,ChEMBL
KRAS,EVEROLIMUS,True,0.01239625046681094,unknown,ClearityFoundationBiomarkers
KRAS,MIRDAMETINIB,True,0.05784916884511773,unknown,CIViC
KRAS,OXALIPLATIN,True,0.03174649509793047,unknown,PharmGKB
KRAS,FALDAPREVIR,False,0.433868766338383,inhibitor,ChEMBL
KRAS,LY3499446,False,0.433868766338383,inhibitor,GuideToPharmacology
CLCA1,TALNIFLUMATE,False,52.93198949328273,unknown,TdgClinicalTrial
MUC2,DEXTRAN SULFATE SODIUM,False,1.080244683536382,unknown,NCI
MUC2,MEK INHIBITOR PD-98059,False,0.6874284349776978,unknown,NCI
MUC2,FLUOROURACIL,True,0.1190820910984988,unknown,NCI
MUC2,DECITABINE,True,1.260285464125779,unknown,NCI
MUC2,CHEMOPREVENTIVE AGENT,False,1.680380618834372,unknown,NCI
MUC2,GPI-0100,False,15.12342556950935,unknown,NCI
MUC2,RECOMBINANT INTERFERON,False,0.3877801428079321,unknown,NCI
